<?xml version="1.0"?>
<data grt_format="2.0">
  <value _ptr_="000001B4F1D4B620" type="list" content-type="object" content-struct-name="db.mgmt.ServerInstance">
    <value type="object" struct-name="db.mgmt.ServerInstance" id="{4C05F4E7-A2D5-4D88-A0CC-D6F09CD08A90}" struct-checksum="0x367436e2">
      <link type="object" struct-name="db.mgmt.Connection" key="connection">{33DED2AC-8854-4B7E-8C21-AFC24DE59088}</link>
      <value _ptr_="000001B4F39DD850" type="dict" key="loginInfo">
        <value type="string" key="wmi.hostName"></value>
        <value type="string" key="wmi.userName"></value>
      </value>
      <value _ptr_="000001B4F39DCBF0" type="dict" key="serverInfo">
        <value type="string" key="errorLogFilePath">DESKTOP-TFSSG3G.err</value>
        <value type="string" key="serverVersion">8.0</value>
        <value type="int" key="setupPending">0</value>
        <value type="string" key="sys.config.path">%ProgramData%\MySQL\MySQL Server 8.0\my.ini</value>
        <value type="int" key="sys.config.path.lock">1</value>
        <value type="string" key="sys.config.section">mysqld</value>
        <value type="string" key="sys.mysqld.service_name">MySQL80</value>
        <value type="string" key="sys.mysqld.start">sc start mysql</value>
        <value type="string" key="sys.mysqld.stop">sc stop mysql</value>
        <value type="string" key="sys.preset">Windows (MySQL 8.0 Installer Package)</value>
        <value type="string" key="sys.sudo"></value>
        <value type="string" key="sys.system">Windows</value>
        <value type="int" key="sys.usesudo">1</value>
        <value type="int" key="sys.usesudostatus">0</value>
        <value type="int" key="windowsAdmin">1</value>
      </value>
      <value type="string" key="name">Local MySQL80</value>
    </value>
    <value type="object" struct-name="db.mgmt.ServerInstance" id="{44F5FB5F-1D81-4CEC-BA12-51001AC735EF}" struct-checksum="0x367436e2">
      <link type="object" struct-name="db.mgmt.Connection" key="connection">{9BE5659B-E794-42E7-8B43-B0708498EB6B}</link>
      <value _ptr_="000001B4F25E4690" type="dict" key="loginInfo">
        <value type="string" key="ssh.port">22</value>
        <value type="int" key="ssh.useKey">0</value>
        <value type="string" key="wmi.hostName">127.0.0.1</value>
        <value type="string" key="wmi.userName"></value>
      </value>
      <value _ptr_="000001B4F25E4B10" type="dict" key="serverInfo">
        <value type="int" key="remoteAdmin">0</value>
        <value type="string" key="sys.config.path">C:\ProgramData\MySQL\MySQL Server 5.6\my.ini</value>
        <value type="string" key="sys.config.section">mysqld</value>
        <value type="string" key="sys.mysqld.service_name">MySQL56</value>
        <value type="string" key="sys.preset"></value>
        <value type="string" key="sys.system">Windows</value>
        <value type="int" key="windowsAdmin">1</value>
      </value>
      <value type="string" key="name"> instance</value>
      <link type="object" struct-name="GrtObject" key="owner">{3535A4D9-6BED-4CFB-879E-29E7781952BA}</link>
    </value>
  </value>
</data>
